{
  "feature_stats": {
    "Green": {
      "mean": 1088.6514829322887,
      "std": 568.1493329296251
    },
    "MNDWI": {
      "mean": -0.11366224203108002,
      "std": 0.4851152088833956
    },
    "NDBI": {
      "mean": -0.10044713946312256,
      "std": 0.24634160681571762
    },
    "NDVI": {
      "mean": 0.19178591645684384,
      "std": 0.31713864774265216
    },
    "NIR": {
      "mean": 2141.6444320089536,
      "std": 1230.0861726290486
    },
    "Red": {
      "mean": 1188.3756015668719,
      "std": 789.6697057488187
    },
    "SWIR": {
      "mean": 2183.04521544488,
      "std": 1319.8982366145576
    }
  },
  "feature_ranges": {
    "Green": {
      "min": 404.0,
      "max": 3168.0
    },
    "MNDWI": {
      "min": -0.62227076,
      "max": 0.7463235
    },
    "NDBI": {
      "min": -0.53691274,
      "max": 0.5018208
    },
    "NDVI": {
      "min": -0.2737864,
      "max": 0.7981521
    },
    "NIR": {
      "min": 187.0,
      "max": 4344.0
    },
    "Red": {
      "min": 282.0,
      "max": 3321.0
    },
    "SWIR": {
      "min": 69.0,
      "max": 4193.0
    }
  },
  "metrics": {
    "accuracy": 0.9882
  }
}